皇御苑四期 精装修，两房子出租，有钥匙看房,"福田-皇岗租房-皇御苑四期 (深港1号,皇御苑)-",7000,https://shenzhen.qfang.com/rent/100386427?insource=rent_list
都市名园 精装大两房 花园社区 万象城对面 随时看房,罗湖-万象城租房-都市名园-,8000,https://shenzhen.qfang.com/rent/100393621?insource=rent_list
皇御苑四期 复式高层住家装修出租7600元，好房子,"福田-皇岗租房-皇御苑四期 (深港1号,皇御苑)-",8000,https://shenzhen.qfang.com/rent/100397425?insource=rent_list
中信红树湾 急租便宜，精装公寓1房1厅，家私电器全齐，随时入住,"南山-红树湾租房-中信红树湾 (中信红树湾花城,中信花城)-",7500,https://shenzhen.qfang.com/rent/100389207?insource=rent_list
万科清林径 2房1厅 南北通透 视野宽阔 拎包入住 即约即看,"龙岗-龙岗中心城租房-万科清林径 (千林山居一期,千林山居)-",2200,https://shenzhen.qfang.com/rent/100390042?insource=rent_list
中兆花园 中兆花园 花园式小区 精装三房 看小区花园,龙岗-布吉大芬租房-中兆花园-,3000,https://shenzhen.qfang.com/rent/100396617?insource=rent_list
皇御苑二期 精装两房 安静采光通透房源 !安静看花园,福田-皇岗租房-皇御苑二期 (皇御苑B区)-,7500,https://shenzhen.qfang.com/rent/100398212?insource=rent_list
大世纪水山缘 急租 刚出新房出租 精装三房带家私 有钥匙看房,龙岗-布吉南岭租房-大世纪水山缘-,4300,https://shenzhen.qfang.com/rent/100397588?insource=rent_list
中海康城国际 大运新城精装两房，可配齐拎包入住，安静不吵看花园,龙岗-大运新城租房-中海康城国际 (中海康城花园)-,3200,https://shenzhen.qfang.com/rent/100379286?insource=rent_list
天鹅堡二期 欧美田园装修风格家私全齐西南朝向安静采光好,南山-华侨城租房-天鹅堡二期 (波托菲诺天鹅堡二期)-,33500,https://shenzhen.qfang.com/rent/100387327?insource=rent_list
保利上城 1房1厅 53.47平 精装修 租金2600全齐,龙岗-龙岗中心城租房-保利上城 (保利上城花园)-,2600,https://shenzhen.qfang.com/rent/100395665?insource=rent_list
万科清林径 79平米3房 全新家私电器 保养非常好,"龙岗-龙岗中心城租房-万科清林径 (千林山居二期,千林山居)-",3300,https://shenzhen.qfang.com/rent/100397230?insource=rent_list
皇御苑二期 业主自住房子出租 2房价钱可以协商,福田-皇岗租房-皇御苑二期 (皇御苑B区)-,7500,https://shenzhen.qfang.com/rent/100397632?insource=rent_list
麒麟花园三期 街心公园近在咫尺 精装1房 看房方便 步行上班,南山-南头租房-麒麟花园三期 (麒麟花园)-,4200,https://shenzhen.qfang.com/rent/100397219?insource=rent_list
万科东方尊峪 畔山豪宅！环境宜人！豪华装修，景色优美！,罗湖-莲塘租房-万科东方尊峪 (东方尊峪花园)-,10000,https://shenzhen.qfang.com/rent/100394629?insource=rent_list
金域缇香二期 业主诚心出租，4房的经典复试，直接拎包入住,"坪山-坪山租房-金域缇香二期 (万科金域缇香二期,万科金域缇香花园二期)-",4500,https://shenzhen.qfang.com/rent/100393702?insource=rent_list
保利上城 爱联地铁站 三代同堂 精装修随时可以看房 急租,龙岗-龙岗中心城租房-保利上城 (保利上城花园)-,5000,https://shenzhen.qfang.com/rent/100387419?insource=rent_list
中海康城国际 中海大社区精3房2卫，家私电全齐，拎包入住，安静,龙岗-大运新城租房-中海康城国际 (中海康城花园)-,3800,https://shenzhen.qfang.com/rent/100393128?insource=rent_list
鹏益花园  2房 近华强北 拎包入住 楼下地铁站 视野开阔,福田-八卦岭租房-鹏益花园-,5600,https://shenzhen.qfang.com/rent/100397656?insource=rent_list
皇御苑二期 豪华装修 东南朝向 看花园安静,福田-皇岗租房-皇御苑二期 (皇御苑B区)-,9500,https://shenzhen.qfang.com/rent/100389211?insource=rent_list
皇御苑一期 全齐，好装修，南北通，安排,福田-皇岗租房-皇御苑一期 (皇御苑A区)-,13000,https://shenzhen.qfang.com/rent/100397320?insource=rent_list
金泓凯旋城 地铁新安站 宝安实验学校旁 精装两房 家电全齐 ,"宝安-宝安中心区租房-金泓凯旋城 (凯旋城,金泓凯旋城一期,凯旋城一期)-",7000,https://shenzhen.qfang.com/rent/100398878?insource=rent_list
凤凰新天 福永人气小区 凤凰花苑3房2厅家具齐全出租4000,宝安-福永租房-凤凰新天 (凤凰花苑)-,4000,https://shenzhen.qfang.com/rent/100398320?insource=rent_list
红树西岸 湾区豪宅 滨海社区 户型大气 看海景 拎包入住,"南山-红树湾租房-红树西岸 (百仕达红树西岸,红树西岸花园)-",55000,https://shenzhen.qfang.com/rent/100389327?insource=rent_list
宏发嘉域 一房一厅，有部分家私家电，可配齐,光明区-公明租房-宏发嘉域 (宏发嘉域花园)-,2100,https://shenzhen.qfang.com/rent/100394806?insource=rent_list
新天地名居 精装修全齐,罗湖-黄贝岭租房-新天地名居-,8500,https://shenzhen.qfang.com/rent/100397627?insource=rent_list
梅林一村 超大型成熟社区，配套齐全，交通购物便利,福田-梅林租房-梅林一村-,7500,https://shenzhen.qfang.com/rent/100389374?insource=rent_list
红树西岸 东南向4房，户型非常实用，楼层好，看房方便,"南山-红树湾租房-红树西岸 (百仕达红树西岸,红树西岸花园)-",40000,https://shenzhen.qfang.com/rent/100388875?insource=rent_list
熙龙湾 大五房 看海景 家电齐全 看房随时方便,"宝安-宝安中心区租房-熙龙湾 (熙龙湾花园,熙龙湾二期,熙龙湾花园N10区)-",15000,https://shenzhen.qfang.com/rent/100381673?insource=rent_list
流塘阳光 流塘阳光，精装两房，家私齐全，直接拎.包入住,宝安-西乡租房-流塘阳光 (流塘阳光花园)-,4600,https://shenzhen.qfang.com/rent/100384728?insource=rent_list
中海康城国际 大运新城 顶楼复式 视野开阔，鸟语花香 住家剀,龙岗-大运新城租房-中海康城国际 (中海康城花园)-,6500,https://shenzhen.qfang.com/rent/100389431?insource=rent_list
东方明珠城 带家私电器  4房2卫  随时看房,龙岗-龙岗中心城租房-东方明珠城 (榭丽花园三期)-,4500,https://shenzhen.qfang.com/rent/100394486?insource=rent_list
海怡东方花园 花园社区，精装两房，配套齐全，生活方便,南山-科技园租房-海怡东方花园-,9000,https://shenzhen.qfang.com/rent/100397919?insource=rent_list
中粮云景 精装大三房 品质小区 温馨舒适 家私家电齐全急租,"光明区-公明租房-中粮云景 (中粮云景花园南,云景花园南区,中粮云景花园南区)-",4300,https://shenzhen.qfang.com/rent/100398238?insource=rent_list
满庭芳 平湖凤凰大道商业成熟配套齐全小区精装三房家私电齐全,龙岗-平湖租房-满庭芳 (平湖满庭芳)-,3500,https://shenzhen.qfang.com/rent/100396560?insource=rent_list
花样年花郡一期 花样年花郡 标准俩房 家私电器全齐 看房方便,"宝安-宝安中心区租房-花样年花郡一期 (花郡一期,花样年花郡家园)-",5800,https://shenzhen.qfang.com/rent/100386943?insource=rent_list
碧海红树园 南向安静大三房，近地铁，通风采光好，居家舒适,福田-上下沙租房-碧海红树园 (泰然碧海红树园)-,17000,https://shenzhen.qfang.com/rent/100393855?insource=rent_list
半岛城邦二期 家私齐全拎包入住业主急租看房有钥匙,南山-蛇口租房-半岛城邦二期 (半岛城邦花园二期)-,26000,https://shenzhen.qfang.com/rent/100382310?insource=rent_list
保利上城 精装三房 干净温馨,龙岗-龙岗中心城租房-保利上城 (保利上城花园)-,4000,https://shenzhen.qfang.com/rent/100382803?insource=rent_list
锦绣江南三期 家私全齐电梯三房出租，朝南的，看房随时方便,龙华-深圳北租房-锦绣江南三期 (锦绣江南)-,5200,https://shenzhen.qfang.com/rent/100393414?insource=rent_list
皇达东方雅苑 高层，豪装两房，安静，正南向，大阳台，近地铁车位足,福田-石厦租房-皇达东方雅苑-,10000,https://shenzhen.qfang.com/rent/100387677?insource=rent_list
麟恒中心广场 租金便宜 4房，全新毛坯出租,"龙岗-横岗租房-麟恒中心广场 (麟恒城上城,东城中心花园)-",4500,https://shenzhen.qfang.com/rent/100228310?insource=rent_list
花样年花郡一期 地铁站单间 看花园 住家安静 看房方便,"宝安-宝安中心区租房-花样年花郡一期 (花郡一期,花样年花郡家园)-",3500,https://shenzhen.qfang.com/rent/100393842?insource=rent_list
海印长城小区  海岸城旁 车位充足 户型方正 业主自住 看房方便,南山-南山中心区租房-海印长城小区-,13800,https://shenzhen.qfang.com/rent/100390026?insource=rent_list
财富港 正规两房 带阳台有天然气 业主放租 价格可谈,宝安-西乡租房-财富港 (财富港大厦)-,5000,https://shenzhen.qfang.com/rent/100398392?insource=rent_list
华润城润府 新出房源！润府新出豪装中间楼层东南向精装三房随时看,南山-科技园租房-华润城润府-,19000,https://shenzhen.qfang.com/rent/100393149?insource=rent_list
汇宾广场一期 三房全齐出租,南山-南油租房-汇宾广场一期 (汇宾广场)-,7500,https://shenzhen.qfang.com/rent/100394344?insource=rent_list
山语清晖花园 欧式豪华装修 半山居家 高层安静 诚心出租看中可谈,福田-香蜜湖租房-山语清晖花园 (山语清晖花园一期)-,34000,https://shenzhen.qfang.com/rent/100391780?insource=rent_list
春华四季园 精装三房 厅出阳台 户型格局大气,龙华-民治租房-春华四季园-,6900,https://shenzhen.qfang.com/rent/100368762?insource=rent_list
桃苑小区 装修保养好很好，住家安静,南山-南头租房-桃苑小区 (桃苑单身宿舍)-,4000,https://shenzhen.qfang.com/rent/100390460?insource=rent_list
皇御苑四期 深港一号 家电全齐 精装 交通便利 拎包入住,"福田-皇岗租房-皇御苑四期 (深港1号,皇御苑)-",6800,https://shenzhen.qfang.com/rent/100396242?insource=rent_list
聚宝楼 莲塘中位置，家具齐全，装修很好，看房方便，有钥匙,罗湖-莲塘租房-聚宝楼 (聚宝综合楼)-,5000,https://shenzhen.qfang.com/rent/100380478?insource=rent_list
旺业豪苑 东门附近的2房・温馨住家・・,罗湖-东门租房-旺业豪苑-,4600,https://shenzhen.qfang.com/rent/100391050?insource=rent_list
松泉山庄 3房2厅105平豪华装修南,罗湖-布心租房-松泉山庄-,6000,https://shenzhen.qfang.com/rent/100394112?insource=rent_list
花园城一期 山林式小区，环境优美，静享舒畅生活，家电全齐可拎包,南山-蛇口租房-花园城一期 (蛇口花园城)-,9000,https://shenzhen.qfang.com/rent/100396103?insource=rent_list
大冲新城花园C区 高新园站物业 两房一厅精装修出租 高层视野好 ,"南山-科技园租房-大冲新城花园C区 (新城花园C区,大冲城市花园)-",7500,https://shenzhen.qfang.com/rent/100399351?insource=rent_list
吉信大厦 布吉老街 3房 豪装 便宜,龙岗-布吉街租房-吉信大厦-,5000,https://shenzhen.qfang.com/rent/100353390?insource=rent_list
鸿洲文鼎 大新地铁站 荔香公园 南山文体 拎包入住 带双阳台,南山-南头租房-鸿洲文鼎 (鸿洲新都)-,7000,https://shenzhen.qfang.com/rent/100399162?insource=rent_list
东都花园一区 41.83平精装1居室 家私家电全齐 拎包入住,龙岗-龙岗中心城租房-东都花园一区-,2200,https://shenzhen.qfang.com/rent/100394728?insource=rent_list
皇御苑二期 86平小三房，看花园安静,福田-皇岗租房-皇御苑二期 (皇御苑B区)-,11000,https://shenzhen.qfang.com/rent/100351801?insource=rent_list
汉京九榕台 半山豪宅 身份的象征 全新豪华装修 南北通透,南山-前海租房-汉京九榕台 (汉京半山公馆)-,25000,https://shenzhen.qfang.com/rent/100389863?insource=rent_list
美园 单身公寓拎包入住,罗湖-春风路租房-美园 (联城美园)-,3000,https://shenzhen.qfang.com/rent/100396173?insource=rent_list
领航城领尚 3房2厅 82平 精装  南北通透  看房随时,宝安-西乡租房-领航城领尚 (领航城领尚华府)-,5300,https://shenzhen.qfang.com/rent/100383315?insource=rent_list
阳光新境园 温馨2房 全新家私家电 居家舒适 看房方便 ,龙华-深圳北租房-阳光新境园-,5000,https://shenzhen.qfang.com/rent/100393668?insource=rent_list
丽晶国际 大三房，精装修，南北通透，家电全齐，仅租8800,宝安-宝安中心区租房-丽晶国际 (德业新城花园A区)-,8800,https://shenzhen.qfang.com/rent/100395974?insource=rent_list
南海玫瑰园一期 精装修舒适4房 家私电器齐全 拎包入住 高档小区,"南山-蛇口租房-南海玫瑰园一期 (南海玫瑰花园一期,玫瑰花园一期,南海玫瑰花园)-",17000,https://shenzhen.qfang.com/rent/100222875?insource=rent_list
中海康城国际 精装三房 家电全齐 重新装修 从未出租过 一直自住,龙岗-大运新城租房-中海康城国际 (中海康城花园)-,3600,https://shenzhen.qfang.com/rent/100389459?insource=rent_list
椰风海岸 精装修，家电家具齐全，拎包入住,南山-前海租房-椰风海岸 (万裕椰风海岸家园)-,12000,https://shenzhen.qfang.com/rent/100376439?insource=rent_list
半岛城邦二期 豪华装修，双拼户型，大三房加个书房，房子价格可以谈,南山-蛇口租房-半岛城邦二期 (半岛城邦花园二期)-,19000,https://shenzhen.qfang.com/rent/100398012?insource=rent_list
鼎太风华七期 前海自贸区 全齐精装两房 毗邻阳光科创 看房方便,南山-前海租房-鼎太风华七期 (鼎太风华社区七期)-,6000,https://shenzhen.qfang.com/rent/100372784?insource=rent_list
乐湖 南北通五房、家私家电全齐看山湖美景豪华装修的家,"罗湖-水库租房-乐湖 (百仕达花园五期,东郡广场,百仕达东郡广场)-",25000,https://shenzhen.qfang.com/rent/100390342?insource=rent_list
中航天逸 红山站九方楼上的多选性房型 家私家电全齐拎包入住,龙华-深圳北租房-中航天逸 (中航天逸花园)-,2690,https://shenzhen.qfang.com/rent/100372621?insource=rent_list
信和爱琴居 新小区 购物方便 业主出国 急着出租 新装修,龙岗-布吉大芬租房-信和爱琴居-,3600,https://shenzhen.qfang.com/rent/100371622?insource=rent_list
水湾1979 4房2厅 260平 精装修 ,南山-蛇口租房-水湾1979 (水湾壹玖柒玖广场)-,28000,https://shenzhen.qfang.com/rent/100395168?insource=rent_list
南山豪庭 精装一房一厅 周边小区价格实惠一套 近科技园,南山-南头租房-南山豪庭-,4700,https://shenzhen.qfang.com/rent/100394098?insource=rent_list
佳兆业金翠园 精装1房2厅  ,罗湖-翠竹租房-佳兆业金翠园 (金翠园)-,6000,https://shenzhen.qfang.com/rent/100386744?insource=rent_list
山湖居二期 精装三房，带全屋家私  拎包入住,罗湖-布心租房-山湖居二期 (翡翠园山湖居二期)-,6000,https://shenzhen.qfang.com/rent/100393692?insource=rent_list
名仕阁 新鲜出炉，租金可议价,罗湖-地王租房-名仕阁-,6000,https://shenzhen.qfang.com/rent/100384864?insource=rent_list
水榭春天六期B区  温馨3房南向安静 家电齐全 拎包入住,龙华-民治租房-水榭春天六期B区 (莱蒙春天花园)-,7500,https://shenzhen.qfang.com/rent/100379219?insource=rent_list
星海名城五期 小两房，已空出，家电家具齐全，拎包入住,南山-前海租房-星海名城五期 (第五公社)-,5300,https://shenzhen.qfang.com/rent/100398520?insource=rent_list
金地龙城中央 龙城广场地 铁站，家私全齐，看房方便 急,龙岗-龙岗中心城租房-金地龙城中央 (金地凯旋广场)-,2800,https://shenzhen.qfang.com/rent/100396594?insource=rent_list
大冲新城花园C区 高新园全新精装一房一厅 家电齐全 看房方便,"南山-科技园租房-大冲新城花园C区 (新城花园C区,大冲城市花园)-",6600,https://shenzhen.qfang.com/rent/100399332?insource=rent_list
祥云天都世纪大厦 3房2厅 98平 普通装修 东南,福田-新洲租房-祥云天都世纪大厦 (天都世纪大厦)-,8500,https://shenzhen.qfang.com/rent/100398903?insource=rent_list
湖心大厦 两房一厅  精装修  拎包入住,罗湖-春风路租房-湖心大厦 (南湖时代广场)-,5000,https://shenzhen.qfang.com/rent/100389059?insource=rent_list
星河传奇铂寓S 红山品质社区精装修1房家电齐全拎包即住,"龙华-上塘租房-星河传奇铂寓S (星河传奇天街,星河传奇商厦)-",5000,https://shenzhen.qfang.com/rent/100391311?insource=rent_list
南山豪庭 科技园附近花园式小区 安静看花园 四房性价比高 ,南山-南头租房-南山豪庭-,2700,https://shenzhen.qfang.com/rent/100382344?insource=rent_list
锦绣江南三期 精装修大5房 家电齐全 拎包即住,龙华-深圳北租房-锦绣江南三期 (锦绣江南)-,7000,https://shenzhen.qfang.com/rent/100398176?insource=rent_list
可园五期 复式5房，双层居家，全家私电器,龙岗-布吉关租房-可园五期 (可园五六七期)-,3000,https://shenzhen.qfang.com/rent/100377246?insource=rent_list
风临国际 龙岗三号地铁吉祥站物业，简装办公楼业主诚心出租。,"龙岗-龙岗中心城租房-风临国际 (鸿基花园三期,风临域)-",2700,https://shenzhen.qfang.com/rent/100391457?insource=rent_list
湖彬苑 精致三房出租，看房方便 ,南山-西丽租房-湖彬苑-,8000,https://shenzhen.qfang.com/rent/100382549?insource=rent_list
万科翰邻城 3房2厅 88.68平 精装装修 南 业主诚意出租,"龙岗-龙岗中心城租房-万科翰邻城 (尚模八意府,首创八意府)-",4500,https://shenzhen.qfang.com/rent/100390130?insource=rent_list
龙佳园 户型方正已经重新收拾,南山-南油租房-龙佳园-,5500,https://shenzhen.qfang.com/rent/100395160?insource=rent_list
文康楼 全齐家私电器出租，看房方便。,罗湖-百仕达租房-文康楼-,2600,https://shenzhen.qfang.com/rent/100395780?insource=rent_list
壹城中心 龙华标杆建筑 中高层 南北通 拎包入住 配套成熟,龙华-龙华中心租房-壹城中心 (鸿荣源壹城中心)-,15000,https://shenzhen.qfang.com/rent/100349109?insource=rent_list
招商依山郡二期 全新装修，招商依山郡，一房一厅，家电齐全看房方便,"龙岗-龙岗中心城租房-招商依山郡二期 (依山郡二期,依山郡花园)-",2300,https://shenzhen.qfang.com/rent/100377370?insource=rent_list
流塘阳光 高性价比高品质，家私齐全，看房方便，随时入住,宝安-西乡租房-流塘阳光 (流塘阳光花园)-,4600,https://shenzhen.qfang.com/rent/100389797?insource=rent_list
新亚洲花园 新亚洲豪装大复式，客厅中空挑高，大气实用，随时看房,龙岗-龙岗中心城租房-新亚洲花园-,6600,https://shenzhen.qfang.com/rent/100330193?insource=rent_list
华浩源四期 精装三房，厅出阳台，家私家电全齐，拎包入住价格便宜,龙岗-布吉大芬租房-华浩源四期-,4300,https://shenzhen.qfang.com/rent/100398762?insource=rent_list
中海锦城 精致三房 业主诚心出租,"龙华-上塘租房-中海锦城 (中海锦城花园,AT MALL)-",7500,https://shenzhen.qfang.com/rent/100398217?insource=rent_list
佳兆业广场 精装公寓出租家私家电齐全拎包入住,"大鹏新区-大鹏租房-佳兆业广场 (佳兆业假日广场,KPR佳兆业广场)-",2000,https://shenzhen.qfang.com/rent/100389889?insource=rent_list
公园大地五期 2房2厅  精装装修 朝南 龙岗豪宅标杆 拎包入住,龙岗-龙岗中心城租房-公园大地五期 (公园大地花园五期)-,4500,https://shenzhen.qfang.com/rent/100392465?insource=rent_list
福园新村 装修保养好，家私电齐全，复试中空挑高客厅，急租,龙岗-龙岗中心城租房-福园新村 (福园小区)-,3200,https://shenzhen.qfang.com/rent/100372523?insource=rent_list
中城康桥花园一期 朝南看花园，精致装修，住家舒适,"龙岗-丹竹头租房-中城康桥花园一期 (康桥花园一期,中城康桥花园)-",4500,https://shenzhen.qfang.com/rent/100394322?insource=rent_list
可园七期 业主自住 家私家电齐全 客厅出大阳台 复试3房,龙岗-布吉关租房-可园七期 (可园五六七期)-,6000,https://shenzhen.qfang.com/rent/100394373?insource=rent_list
深南花园 新空出两房 价格美丽 拧包入住,南山-科技园租房-深南花园-,8000,https://shenzhen.qfang.com/rent/100397259?insource=rent_list
海珑华苑 地铁精装一房，办公装修，看房方便,罗湖-罗湖口岸租房-海珑华苑-,3600,https://shenzhen.qfang.com/rent/100391862?insource=rent_list
南海玫瑰园三期 精装修装修2+1房 拎包入住，看房随时方便 有钥匙,"南山-蛇口租房-南海玫瑰园三期 (南海玫瑰花园三期,玫瑰花园三期)-",11000,https://shenzhen.qfang.com/rent/100392701?insource=rent_list
金域缇香二期 坪山实验学校附近，精装四房，家私电齐全,"坪山-坪山租房-金域缇香二期 (万科金域缇香二期,万科金域缇香花园二期)-",4000,https://shenzhen.qfang.com/rent/100385327?insource=rent_list
中信红树湾 3房2厅 175.26平 精装装修 东南,"南山-红树湾租房-中信红树湾 (中信红树湾花城,中信花城)-",28000,https://shenzhen.qfang.com/rent/100394330?insource=rent_list
富通城三期 大两房诚信出租，看房方便,"宝安-碧海租房-富通城三期 (生活立方,碧海富通城)-",5500,https://shenzhen.qfang.com/rent/100369387?insource=rent_list
豪方现代豪园 家私电器全齐三房，精装修，拎包入住，园林式社区,南山-科技园租房-豪方现代豪园-,8200,https://shenzhen.qfang.com/rent/100397935?insource=rent_list
可园四期 精装修 大四房 直接可以拎包入住,龙岗-布吉关租房-可园四期-,6500,https://shenzhen.qfang.com/rent/100391755?insource=rent_list
皇庭港湾花园 南北通透 安静看花园 近深圳湾公园 海关跟太古城,南山-深圳湾租房-皇庭港湾花园-,20000,https://shenzhen.qfang.com/rent/100375124?insource=rent_list
金地梅陇镇 拎包入住精装三房花园中间位置高楼层采光非常好,龙华-深圳北租房-金地梅陇镇 (金地梅陇镇花园)-,6500,https://shenzhen.qfang.com/rent/100357606?insource=rent_list
华润城润府 万象天地旁 华润品质小区 精装3房2厅2卫 ,南山-科技园租房-华润城润府-,14500,https://shenzhen.qfang.com/rent/100398199?insource=rent_list
东方明珠城 拎包入住 看龙城广场 大阳台 3号线龙城广场站,龙岗-龙岗中心城租房-东方明珠城 (榭丽花园三期)-,3500,https://shenzhen.qfang.com/rent/100364665?insource=rent_list
星河传奇铂寓S 近上塘地铁 入则宁静出则繁华 开发商统一装看房方便,"龙华-上塘租房-星河传奇铂寓S (星河传奇天街,星河传奇商厦)-",5500,https://shenzhen.qfang.com/rent/100399547?insource=rent_list
万科天誉 地铁800米  全新精装带全私电器 租4000元,"龙岗-龙岗中心城租房-万科天誉 (万科天誉花园二期,天誉花园二期,天誉city mall)-",4000,https://shenzhen.qfang.com/rent/100391076?insource=rent_list
保利上城 1房1厅 36平 精装装修 南,龙岗-龙岗中心城租房-保利上城 (保利上城花园)-,2400,https://shenzhen.qfang.com/rent/100388866?insource=rent_list
龙珠花园(龙岗) 精装 三房 家私家电全齐 看房方便,龙岗-布吉关租房-龙珠花园(龙岗)-,4500,https://shenzhen.qfang.com/rent/100327518?insource=rent_list
星海名城五期 精装小两房，温馨舒适，初次放租，拎包即住,南山-前海租房-星海名城五期 (第五公社)-,6000,https://shenzhen.qfang.com/rent/100382689?insource=rent_list
东海国际  豪华装修 高端小区 身份象征 会所装修 非常大气,"福田-车公庙租房-东海国际 (东海国际商务公寓,东海国际中心二期B区)-",45000,https://shenzhen.qfang.com/rent/100382558?insource=rent_list
康达尔花园 普通装修 南 花园式的建筑,龙岗-布吉大芬租房-康达尔花园-,5800,https://shenzhen.qfang.com/rent/100320146?insource=rent_list
金港豪庭 全新装修2房放租有钥匙,福田-皇岗租房-金港豪庭-,9500,https://shenzhen.qfang.com/rent/100397686?insource=rent_list
中信红树湾 房子装修很漂亮，户型方正，带花园，270平。,"南山-红树湾租房-中信红树湾 (中信红树湾花城,中信花城)-",150000,https://shenzhen.qfang.com/rent/100293200?insource=rent_list
百仕达花园 业主全新装修  首 次出租  位置安静舒适 住家优,罗湖-水库租房-百仕达花园-,13000,https://shenzhen.qfang.com/rent/100391091?insource=rent_list
南岭花园 79平两房两厅两阳台，朝南采光好。,龙岗-布吉南岭租房-南岭花园-,2300,https://shenzhen.qfang.com/rent/100397328?insource=rent_list
金域缇香二期 精装4房，户型方正。业主诚心出租。,"坪山-坪山租房-金域缇香二期 (万科金域缇香二期,万科金域缇香花园二期)-",3300,https://shenzhen.qfang.com/rent/100365913?insource=rent_list
水榭春天1-3期 深圳北精装3房全齐，大阳台成熟大社区！,龙华-民治租房-水榭春天1-3期 (水榭春天花园)-,6500,https://shenzhen.qfang.com/rent/100397575?insource=rent_list
富通城三期 大社区，精致1居室，拧包入住，业主诚租,"宝安-碧海租房-富通城三期 (生活立方,碧海富通城)-",3800,https://shenzhen.qfang.com/rent/100390613?insource=rent_list
宝能华府 精装复式五房 可拎包入住 近地铁 366大街旁,南山-大学城租房-宝能华府-,10000,https://shenzhen.qfang.com/rent/100389908?insource=rent_list
绿景山庄 精装四房，全齐出租。,罗湖-布心租房-绿景山庄-,6000,https://shenzhen.qfang.com/rent/100397286?insource=rent_list
招商花园城 招商大4房，家电齐全仅租4500元一个月,"坪山-坪山租房-招商花园城 (坪山招商花园城,招商花园)-",4000,https://shenzhen.qfang.com/rent/100286813?insource=rent_list
志健时代广场 全家电出租 精装修大两房 保养非常好 看房方便,龙岗-横岗租房-志健时代广场-,4200,https://shenzhen.qfang.com/rent/100389406?insource=rent_list
国展苑 布吉关，精装两房出租，全家私电器通风采光，交通方便,龙岗-布吉关租房-国展苑-,3400,https://shenzhen.qfang.com/rent/100387457?insource=rent_list
苹果园 大阳台 装修保养不错 全家私家电 看花园,龙华-深圳北租房-苹果园-,3300,https://shenzhen.qfang.com/rent/100376980?insource=rent_list
布吉阳光花园 林园小区精装三房两厅 中间楼层 采光好 通风好,"龙岗-布吉街租房-布吉阳光花园 (祺峰华庭,阳光花园)-",4200,https://shenzhen.qfang.com/rent/100391161?insource=rent_list
星海名城六期 前海天虹 大新地铁 花园大社区 家电齐全 南向高层,南山-前海租房-星海名城六期 (城中央)-,6000,https://shenzhen.qfang.com/rent/100385938?insource=rent_list
海印长城小区 南山海岸城旁，环境优雅大型社区，精装两房，全齐家电,南山-南山中心区租房-海印长城小区-,8500,https://shenzhen.qfang.com/rent/100398051?insource=rent_list
金地海景花园A区 首 次出租的三房 精装修 拎包入住 大社区不要犹豫,"福田-沙尾租房-金地海景花园A区 (海景花园A区,金地海景花园)-",8000,https://shenzhen.qfang.com/rent/100394987?insource=rent_list
怡宝花园 精装修 采光两边无阻挡，光线和空气的流通好，大阳台,宝安-西乡租房-怡宝花园 (怡宝花园)-,4500,https://shenzhen.qfang.com/rent/100394421?insource=rent_list
红桂皇冠名庭 罗湖大剧院旁精装一房户型好看房随时,罗湖-蔡屋围租房-红桂皇冠名庭-,4800,https://shenzhen.qfang.com/rent/100398364?insource=rent_list
圣莫丽斯 景观单位，可看山看湖景，豪装四房，简单拎包入住。,龙华-深圳北租房-圣莫丽斯 (圣莫丽斯花园)-,23000,https://shenzhen.qfang.com/rent/100371597?insource=rent_list
荣超花园 布吉地铁站 荣超花园站 百合外国语旁 家私电器全齐,龙岗-布吉关租房-荣超花园-,5000,https://shenzhen.qfang.com/rent/100398134?insource=rent_list
前海时代 湾区的焦点 近1号线鲤鱼门站,南山-前海租房-前海时代 (地铁前海时代广场)-,11000,https://shenzhen.qfang.com/rent/100397405?insource=rent_list
皇达东方雅苑 品质小区 精装2房 安静住家 楼下7号线,福田-石厦租房-皇达东方雅苑-,8500,https://shenzhen.qfang.com/rent/100396989?insource=rent_list
澳城一期 有钥匙随时看，品质居家，家私齐全，看海景大阳台,"南山-蛇口租房-澳城一期 (澳城花园,东海湾豪园一期,豪园一期)-",14000,https://shenzhen.qfang.com/rent/100332740?insource=rent_list
汇展阁 罗湖口岸，国贸 金光华商圈，精装2室仅租3500元,罗湖-罗湖口岸租房-汇展阁 (大中华汇展阁1008号)-,3500,https://shenzhen.qfang.com/rent/100394871?insource=rent_list
中信红树湾 花园社区 近地/铁口 精装修 拎包入住 居家舒适,"南山-红树湾租房-中信红树湾 (中信红树湾花城,中信花城)-",9000,https://shenzhen.qfang.com/rent/100377105?insource=rent_list
万科红四期 精装三房 近地铁 朝南彩光好 通风好 拎包入住,龙岗-布吉关租房-万科红四期 (万科红悦花园)-,6800,https://shenzhen.qfang.com/rent/100396722?insource=rent_list
半岛城邦二期 近深圳湾海景五房，豪华装修是您的居家之选！,南山-蛇口租房-半岛城邦二期 (半岛城邦花园二期)-,17000,https://shenzhen.qfang.com/rent/100367492?insource=rent_list
诺德国际 3房2厅 80.12平 普通装修 南,南山-前海租房-诺德国际 (诺德假日花园)-,8500,https://shenzhen.qfang.com/rent/100371092?insource=rent_list
美庐锦园 精装修三房 朝南 高层 看房方便,南山-红树湾租房-美庐锦园-,11000,https://shenzhen.qfang.com/rent/100397531?insource=rent_list
京基滨河时代广场 南向精致一室一厅出租  价格仅租8500 看房随时,福田-上下沙租房-京基滨河时代广场 (京基滨河时代广场北区一期)-,8500,https://shenzhen.qfang.com/rent/100381754?insource=rent_list
金众经典家园 住家两房出租 花园小区 安静舒适,罗湖-蔡屋围租房-金众经典家园-,5500,https://shenzhen.qfang.com/rent/100386611?insource=rent_list
海印长城小区 海岸城旁 精装2房 家电全齐 近地铁 厅出阳台朝南,南山-南山中心区租房-海印长城小区-,10000,https://shenzhen.qfang.com/rent/100380249?insource=rent_list
中海怡美山庄 全家私电器两房 看房方便 拎包入住 高楼层采光好 ,龙岗-横岗租房-中海怡美山庄 (怡美山庄)-,3500,https://shenzhen.qfang.com/rent/100381352?insource=rent_list
玮鹏花园 拎包入住 家私家电都有 大阳台,"福田-华强北租房-玮鹏花园 (玮鹏花园三期,时代都会)-",11000,https://shenzhen.qfang.com/rent/100395657?insource=rent_list
国展苑 关口物业，地铁 公交线路便利多线通达各区生活配套齐,龙岗-布吉关租房-国展苑-,3400,https://shenzhen.qfang.com/rent/100390825?insource=rent_list
东门168 楼盘设计合理，物业管理完善，房型好，入住率高，,罗湖-东门租房-东门168 (一品东门雅园)-,4000,https://shenzhen.qfang.com/rent/100399247?insource=rent_list
城市假日花园 标准两房 7号桃源村地铁站 适合住家 保养好 拎包,南山-西丽租房-城市假日花园-,6800,https://shenzhen.qfang.com/rent/100396827?insource=rent_list
九州家园一期 优质房源 看房方便 真实如图 拎包入住,龙岗-龙岗双龙租房-九州家园一期 (九州家园)-,3800,https://shenzhen.qfang.com/rent/100395311?insource=rent_list
园岭新村 大三房 价格不高 看房比较方便 欢迎随意来电,福田-园岭租房-园岭新村-,7000,https://shenzhen.qfang.com/rent/100379262?insource=rent_list
桃源居三区 电梯两房 诚心出租 看房方便,宝安-桃源居租房-桃源居三区-,3200,https://shenzhen.qfang.com/rent/100328176?insource=rent_list
观湖园 观湖园别墅，送私家花园，私家车位，拎包入住,龙华-观澜租房-观湖园-,7000,https://shenzhen.qfang.com/rent/100399163?insource=rent_list
星河丹堤 业主有心在租五房大复式，看花园安静适合住家，仅一套,龙华-深圳北租房-星河丹堤 (星河丹堤花园)-,25000,https://shenzhen.qfang.com/rent/100367490?insource=rent_list
华商时代公寓 洪湖公园旁的家坐在家里看洪湖美景业主诚心放租,罗湖-笋岗租房-华商时代公寓-,4000,https://shenzhen.qfang.com/rent/100390338?insource=rent_list
龙光玖龙玺 全齐家私电器，拎包入住，诚心出租，看房方便,"龙华-深圳北租房-龙光玖龙玺 (玖龙玺花园二期,龙光玖龙荟)-",8500,https://shenzhen.qfang.com/rent/100388988?insource=rent_list
嘉福花园 近福田口岸2房出租，花园小区，住家舒适,福田-皇岗租房-嘉福花园-,6800,https://shenzhen.qfang.com/rent/100368270?insource=rent_list
熙龙湾 壹方城旁  4房 真实 看房有钥匙,"宝安-宝安中心区租房-熙龙湾 (熙龙湾花园,熙龙湾二期,熙龙湾花园N10区)-",10000,https://shenzhen.qfang.com/rent/100378657?insource=rent_list
赛格名苑 3房2厅 87.94平 普通装修 南北,南山-前海租房-赛格名苑 (银兴苑)-,7000,https://shenzhen.qfang.com/rent/100396438?insource=rent_list
中海康城国际 精装两房  朝南 高层 家私家电齐全,龙岗-大运新城租房-中海康城国际 (中海康城花园)-,2800,https://shenzhen.qfang.com/rent/100362685?insource=rent_list
领航城领尚 高层 家电齐全  安静 看花园 急租3900月,宝安-西乡租房-领航城领尚 (领航城领尚华府)-,3900,https://shenzhen.qfang.com/rent/100396315?insource=rent_list
星湖花园 全新装修  全家私电器  拎包入住 毗邻九号泥岗站,罗湖-银湖租房-星湖花园-,3700,https://shenzhen.qfang.com/rent/100388778?insource=rent_list
纯水岸一期 波托菲诺纯水岸一期精装六房业主诚心出租看湖景,"南山-华侨城租房-纯水岸一期 (纯水岸,波托菲诺纯水岸一期)-",80000,https://shenzhen.qfang.com/rent/100397983?insource=rent_list
海滨城广场 宝中一方城旁 精装三房 拎包入住 干净整洁,宝安-翻身租房-海滨城广场-,6300,https://shenzhen.qfang.com/rent/100385103?insource=rent_list
皇御苑二期 看花园，安静，家私家电齐全，拎包入住,福田-皇岗租房-皇御苑二期 (皇御苑B区)-,9000,https://shenzhen.qfang.com/rent/100363704?insource=rent_list
钰龙园 高楼层三房客厅出大阳台 家私家电全齐 拎包入住,南山-南头租房-钰龙园 (英达钰龙园)-,9000,https://shenzhen.qfang.com/rent/100393123?insource=rent_list
滨海之窗花园 海岸城旁边精装修两房。,南山-后海租房-滨海之窗花园-,10000,https://shenzhen.qfang.com/rent/100396412?insource=rent_list
万科城F区 顶楼复式6房 家私电全齐 有钥匙看房方便,龙岗-坂田租房-万科城F区 (万科城三期F区)-,9500,https://shenzhen.qfang.com/rent/100378964?insource=rent_list
鹏益花园 大一房一厅，业主自住房  看房方便,福田-八卦岭租房-鹏益花园-,4700,https://shenzhen.qfang.com/rent/100392456?insource=rent_list
港铁天颂 全新精装修，拎包入住，风雨无阻，让地铁送你回家。,龙华-龙华中心租房-港铁天颂 (荟港尊邸)-,6500,https://shenzhen.qfang.com/rent/100393454?insource=rent_list
中旅国际公馆二期 （实拍图片、家电全齐）户型通透方正、安静看小区、拎,"福田-香蜜湖租房-中旅国际公馆二期 (港中旅二期,港中旅花园,中旅公馆)-",18000,https://shenzhen.qfang.com/rent/100375209?insource=rent_list
华联城市山林花园一期 精装修，家具家电齐全，客厅和两间卧室东南看花园,南山-前海租房-华联城市山林花园一期 (城市山林一期)-,12000,https://shenzhen.qfang.com/rent/100397869?insource=rent_list
百合盛世 两房出租，有钥匙看房方便，家私电齐全 干净拎包入住,龙岗-龙岗中心城租房-百合盛世 (百合山水别苑)-,3500,https://shenzhen.qfang.com/rent/100382540?insource=rent_list
文汇花园 精装住家舒适配套齐全生活方便,宝安-新安租房-文汇花园-,5200,https://shenzhen.qfang.com/rent/100391235?insource=rent_list
皇御苑二期 高层看花园 带平台复式5房,福田-皇岗租房-皇御苑二期 (皇御苑B区)-,26000,https://shenzhen.qfang.com/rent/100354597?insource=rent_list
源兴居 两房 近深小/中 近地铁站 拎包入住 隔壁洪湖公园,罗湖-洪湖租房-源兴居-,5000,https://shenzhen.qfang.com/rent/100381483?insource=rent_list
翠盈嘉园 高层大两房，户型方正彩光视野好，拎包入住。,罗湖-洪湖租房-翠盈嘉园-,5300,https://shenzhen.qfang.com/rent/100395458?insource=rent_list
中信红树湾 精装4房双套房设计，保养好，家电全齐，带入户花园,"南山-红树湾租房-中信红树湾 (中信红树湾花城,中信花城)-",42000,https://shenzhen.qfang.com/rent/100390183?insource=rent_list
万科翰邻城 精装三房   家私电器齐全 有钥匙,"龙岗-龙岗中心城租房-万科翰邻城 (尚模八意府,首创八意府)-",3800,https://shenzhen.qfang.com/rent/100285387?insource=rent_list
中信红树湾 湾区豪宅 滨海大社区 保养好 拎包入住 居家舒适,"南山-红树湾租房-中信红树湾 (中信红树湾花城,中信花城)-",25000,https://shenzhen.qfang.com/rent/100395975?insource=rent_list
金地龙城中央 花园小区 龙城广场地铁站 89平东南朝向 居家住宅,龙岗-龙岗中心城租房-金地龙城中央 (金地凯旋广场)-,3600,https://shenzhen.qfang.com/rent/100387755?insource=rent_list
旭飞华达园一期 1房1厅 精装修 家私家电全齐 看房有钥匙,"罗湖-百仕达租房-旭飞华达园一期 (华达园一期,旭飞华达园)-",4000,https://shenzhen.qfang.com/rent/100396413?insource=rent_list
壹城中心   鸿荣源-壹成中-心花园-装修好实用三房,龙华-龙华中心租房-壹城中心 (鸿荣源壹城中心)-,6000,https://shenzhen.qfang.com/rent/100395710?insource=rent_list
保利上城 精装住家装修 家私电器齐全 可直接拎包入住 诚租,龙岗-龙岗中心城租房-保利上城 (保利上城花园)-,5500,https://shenzhen.qfang.com/rent/100371283?insource=rent_list
大世纪花园 74平米电梯两房，精装修，带家私出租,龙岗-布吉街租房-大世纪花园 (大世纪花园三期)-,4000,https://shenzhen.qfang.com/rent/100393817?insource=rent_list
星海名城五期 前海精装修两房，近科技园，大新地铁站,南山-前海租房-星海名城五期 (第五公社)-,7000,https://shenzhen.qfang.com/rent/100381453?insource=rent_list
联投东方 沃尔玛直通楼上 拎包入住 花园小区,"宝安-松岗租房-联投东方 (东方华府,东方华府一期,联投东方华府一期)-",3400,https://shenzhen.qfang.com/rent/100382476?insource=rent_list
中信红树湾 装修保养很好，采光好交通生活便利，家电齐全拎包入住,"南山-红树湾租房-中信红树湾 (中信红树湾花城,中信花城)-",25000,https://shenzhen.qfang.com/rent/100377079?insource=rent_list
桂芳园六期 高层两房 中装 家私齐全 采光通风好 看花园 ,龙岗-布吉大芬租房-桂芳园六期-,4200,https://shenzhen.qfang.com/rent/100392913?insource=rent_list
壹城中心 业主诚意出租随时可以看房,龙华-龙华中心租房-壹城中心 (鸿荣源壹城中心)-,6000,https://shenzhen.qfang.com/rent/100342650?insource=rent_list
皇御苑四期 东向 大单间家私电器全齐,"福田-皇岗租房-皇御苑四期 (深港1号,皇御苑)-",6000,https://shenzhen.qfang.com/rent/100381698?insource=rent_list
金色年华家园 一房一厅，厅出阳台，南向，看园景，部分家电,罗湖-莲塘租房-金色年华家园-,4000,https://shenzhen.qfang.com/rent/100393216?insource=rent_list
合正汇一城 空房出租，业主诚心出租,宝安-西乡租房-合正汇一城 (魅力时代花园)-,4200,https://shenzhen.qfang.com/rent/100398757?insource=rent_list
佳兆业金翠园 车位充足。齐全家具，保养好，高层采光好 看房有钥匙,罗湖-翠竹租房-佳兆业金翠园 (金翠园)-,7500,https://shenzhen.qfang.com/rent/100395690?insource=rent_list
百合盛世 82平3房 朝南高层 毛坯出租 花园景观 做仓库 ,龙岗-龙岗中心城租房-百合盛世 (百合山水别苑)-,1800,https://shenzhen.qfang.com/rent/100396792?insource=rent_list
祥云天都世纪大厦 豪华装修豪华家私电器配置，厅出阳台1房出租6500,福田-新洲租房-祥云天都世纪大厦 (天都世纪大厦)-,7000,https://shenzhen.qfang.com/rent/100364088?insource=rent_list
豪方天际 近科技园 全新家电家私 低调奢华 密码系统  诚租,南山-南头租房-豪方天际 (豪方天际花园一期)-,9200,https://shenzhen.qfang.com/rent/100399491?insource=rent_list
圣淘沙骏园 大型花园社区 超大入户 南北通透双阳台  看房方便,宝安-西乡租房-圣淘沙骏园-,12000,https://shenzhen.qfang.com/rent/100395447?insource=rent_list
云顶嘉园 小区配套完善，精装修，保养好，住家舒适，全齐两房,"宝安-新安租房-云顶嘉园 (金玉良苑,黄金大厦)-",5500,https://shenzhen.qfang.com/rent/100386959?insource=rent_list
六和城 全新家私出租，看房方便，生活配套完善,坪山-坪山租房-六和城 (六和商业广场一期)-,4300,https://shenzhen.qfang.com/rent/100397180?insource=rent_list
世纪村日月府四期 4房精装，拎包入住，看房方便,"南山-红树湾租房-世纪村日月府四期 (日月府,世纪村)-",18000,https://shenzhen.qfang.com/rent/100396608?insource=rent_list
金地梅陇镇 实用3房 居家安静 看花园,龙华-深圳北租房-金地梅陇镇 (金地梅陇镇花园)-,5200,https://shenzhen.qfang.com/rent/100380139?insource=rent_list
红桂皇冠名庭 罗湖精装一房  户型方正 看房随时方便+,罗湖-蔡屋围租房-红桂皇冠名庭-,4200,https://shenzhen.qfang.com/rent/100395455?insource=rent_list
合正观澜汇 精装三房拎包入住 装修如新,龙华-观澜租房-合正观澜汇-,4500,https://shenzhen.qfang.com/rent/100399539?insource=rent_list
中航天逸 近红山地铁 楼下有九方综合体超市 拎包入住 采光好,龙华-深圳北租房-中航天逸 (中航天逸花园)-,8200,https://shenzhen.qfang.com/rent/100380178?insource=rent_list
深业新岸线 精致4房，拧包入住，业主诚租,"宝安-宝安中心区租房-深业新岸线 (深业新岸线二期,新岸线二期)-",9500,https://shenzhen.qfang.com/rent/100398334?insource=rent_list
东海国际 进口豪华装修.看海景.空房出租.奢华品质.诚租,"福田-车公庙租房-东海国际 (东海国际商务公寓,东海国际中心二期B区)-",50000,https://shenzhen.qfang.com/rent/100394556?insource=rent_list
保利上城 精装修一房一厅一厨一卫三阳台洁净空房随时可看房,龙岗-龙岗中心城租房-保利上城 (保利上城花园)-,3000,https://shenzhen.qfang.com/rent/100350631?insource=rent_list
中旅国际公馆二期 27栋高楼层，香蜜湖公园景观，家私电器全齐，可谈,"福田-香蜜湖租房-中旅国际公馆二期 (港中旅二期,港中旅花园,中旅公馆)-",28000,https://shenzhen.qfang.com/rent/100333985?insource=rent_list
金山碧海 金山碧海精致装修家电家私全齐拎包入住,盐田-盐田租房-金山碧海 (金山碧海花园)-,7000,https://shenzhen.qfang.com/rent/100393232?insource=rent_list
阳光棕榈园二期 花园大社区 精装大三房 安静看花园 看房方便 ,"南山-前海租房-阳光棕榈园二期 (棕榈园二期,阳光棕榈园)-",8500,https://shenzhen.qfang.com/rent/100394114?insource=rent_list
万科城D区 136平 租8500 精装修 家私齐全 拎包即住,龙岗-坂田租房-万科城D区 (万科城二期D区)-,8000,https://shenzhen.qfang.com/rent/100396299?insource=rent_list
雍景城 精装3房 南北通透 通风采光好 家私电器齐看房方便,光明区-公明租房-雍景城 (宏发雍景城)-,5500,https://shenzhen.qfang.com/rent/100384299?insource=rent_list
南洋大厦 罗湖口岸附近精装朝南2房双阳台出租,罗湖-春风路租房-南洋大厦-,6200,https://shenzhen.qfang.com/rent/100384631?insource=rent_list
宇宏健康花城 大三房俩卫精装拎包入住看花园中高层好视野好采光！,龙岗-布吉大芬租房-宇宏健康花城 (岭宏健康家园)-,5000,https://shenzhen.qfang.com/rent/100379373?insource=rent_list
同泰时代中心 同泰时代广场，带燃气一房，家私家电齐全，车位充足,宝安-福永租房-同泰时代中心-,3800,https://shenzhen.qfang.com/rent/100394706?insource=rent_list
海印长城小区 海岸城旁 居家精装两室 全齐家私电器 中间楼层,南山-南山中心区租房-海印长城小区-,9000,https://shenzhen.qfang.com/rent/100387202?insource=rent_list
翠盈嘉园 5600元  大两房，安静通风采光好,罗湖-洪湖租房-翠盈嘉园-,5600,https://shenzhen.qfang.com/rent/100386339?insource=rent_list
金众经典家园 精致装修，随时看房，拎包入住,罗湖-蔡屋围租房-金众经典家园-,6800,https://shenzhen.qfang.com/rent/100387908?insource=rent_list
香蜜湖豪庭 香蜜地铁8500 元 普通装修 3室2厅1厨1,福田-香蜜湖租房-香蜜湖豪庭-,8500,https://shenzhen.qfang.com/rent/100394807?insource=rent_list
国都高尔夫花园二期 2房2厅 101平 普通装修 高尔夫全景,福田-车公庙租房-国都高尔夫花园二期 (国都高尔夫花园)-,10000,https://shenzhen.qfang.com/rent/100391881?insource=rent_list
观湖园 别墅出租从9000元---30000元，带车位,龙华-观澜租房-观湖园-,20000,https://shenzhen.qfang.com/rent/100398929?insource=rent_list
汇展阁 大中华汇展阁，罗湖口岸旁，地/铁口物业,罗湖-罗湖口岸租房-汇展阁 (大中华汇展阁1008号)-,5500,https://shenzhen.qfang.com/rent/100385626?insource=rent_list
国展苑 关口真实出租三房，装修好，面积大，有钥匙出租看房,龙岗-布吉关租房-国展苑-,6000,https://shenzhen.qfang.com/rent/100387479?insource=rent_list
梦想家园 2房 对面来福士广场 户型方正 家具全齐 方便看房,南山-后海租房-梦想家园 (现代城梦想家园)-,7000,https://shenzhen.qfang.com/rent/100398871?insource=rent_list
花园城一期 沃尔玛旁 精装修 南北通透 非常宜居 带私家车位,南山-蛇口租房-花园城一期 (蛇口花园城)-,9000,https://shenzhen.qfang.com/rent/100395042?insource=rent_list
鼎太风华六期 全南向户型 精装两房 拎包入住（真实房源）,南山-前海租房-鼎太风华六期 (鼎太风华社区)-,7200,https://shenzhen.qfang.com/rent/100397835?insource=rent_list
新地中央 粉色系装修 家具齐全  车位足,"光明区-公明租房-新地中央 (新地中央广场,新地中央花园)-",2000,https://shenzhen.qfang.com/rent/100392180?insource=rent_list
恒裕滨城花园二期 全新三房 高层海景 视野开阔 可配齐 价格有沟通,南山-深圳湾租房-恒裕滨城花园二期 (滨城花园二期)-,28000,https://shenzhen.qfang.com/rent/100326517?insource=rent_list
龙岗大道1号 周边房源价格 看房随时 87平3房 ,龙岗-布吉南岭租房-龙岗大道1号 (佳兆业新都汇家园)-,6500,https://shenzhen.qfang.com/rent/100390565?insource=rent_list
中兆花园 业主自住，精装3房，工作调动，忍痛出租，家私齐全,龙岗-布吉大芬租房-中兆花园-,3800,https://shenzhen.qfang.com/rent/100378157?insource=rent_list
中海塞纳时光 拎包入住  大二房  采光好  随时看房,龙岗-大运新城租房-中海塞纳时光 (中海康城花园二期)-,3000,https://shenzhen.qfang.com/rent/100356483?insource=rent_list
万科麓城 万科林园小区 精装三房 采光通风效果极好 近距离地,龙岗-布吉水径租房-万科麓城 (金域上郡花园)-,5000,https://shenzhen.qfang.com/rent/100393574?insource=rent_list
万科金色领域花园三期 福永高端小区 位置好 居家舒适,宝安-福永租房-万科金色领域花园三期-,6500,https://shenzhen.qfang.com/rent/100391612?insource=rent_list
联投东方 松岗中学旁，沃尔玛楼上，正规三房，车位免费拎包入住,"宝安-松岗租房-联投东方 (东方华府,东方华府二期,联投东方华府二期)-",4600,https://shenzhen.qfang.com/rent/100392778?insource=rent_list
保利上城 1房1厅 53平 精装装修 北,龙岗-龙岗中心城租房-保利上城 (保利上城花园)-,3000,https://shenzhen.qfang.com/rent/100308125?insource=rent_list
西城品阁 前进天虹旁 精装一房一厅 诚心出租欢迎前来咨询,宝安-新安租房-西城品阁-,3800,https://shenzhen.qfang.com/rent/100394964?insource=rent_list
桃源村一期 简装三房，中间楼层看小区花园，带家私出租,南山-西丽租房-桃源村一期-,6000,https://shenzhen.qfang.com/rent/100398769?insource=rent_list
万科天誉   3号线吉祥站  住家精装修  全齐拎包入住,"龙岗-龙岗中心城租房-万科天誉 (万科天誉花园二期,天誉花园二期,天誉city mall)-",5500,https://shenzhen.qfang.com/rent/100395570?insource=rent_list
银泉花园 高楼层，通风采光好，朝花园，随时可以看房,龙华-龙华中心租房-银泉花园-,4000,https://shenzhen.qfang.com/rent/100382324?insource=rent_list
翠堤湾 高层三房 望海景,"福田-沙尾租房-翠堤湾 (龙玺E区,金地海景花园)-",14000,https://shenzhen.qfang.com/rent/100397036?insource=rent_list
光华街 精装修，方正，朝南，近同仁堂，给您温馨家园！,南山-华侨城租房-光华街-,7500,https://shenzhen.qfang.com/rent/100399550?insource=rent_list
东乐花园 南北通透 精装三房 户型方正 看房方便 ,罗湖-百仕达租房-东乐花园-,6000,https://shenzhen.qfang.com/rent/100394934?insource=rent_list
星海名城二期 精装修，南北通透诚心出租,南山-前海租房-星海名城二期-,9000,https://shenzhen.qfang.com/rent/100301263?insource=rent_list
桂芳园八期 大阳台 干净整洁 拎包入住,龙岗-布吉大芬租房-桂芳园八期 (桂芳园)-,5000,https://shenzhen.qfang.com/rent/100398230?insource=rent_list
熙龙湾 5房3厅 130平 豪华装修 南向看前海,"宝安-宝安中心区租房-熙龙湾 (熙龙湾花园,熙龙湾二期,熙龙湾花园N10区)-",14000,https://shenzhen.qfang.com/rent/100378577?insource=rent_list
理想公馆 复式办公出租!!,福田-梅林租房-理想公馆-,35000,https://shenzhen.qfang.com/rent/100387828?insource=rent_list
华佳大厦 住家三房，随时入住，名-校旁公园旁,罗湖-东门租房-华佳大厦-,5500,https://shenzhen.qfang.com/rent/100396269?insource=rent_list
后海公馆 湾区靓房 住家精装 水系园林 高楼层 家电全齐 看,南山-蛇口租房-后海公馆 (映月湾花园)-,15000,https://shenzhen.qfang.com/rent/100384853?insource=rent_list
东城国际 业主新房租 三房两厅 部分家私电器 有钥匙看房,坪山-坪山租房-东城国际 (东晟时代花园)-,3000,https://shenzhen.qfang.com/rent/100357190?insource=rent_list
红树西岸 湾区豪宅 滨海社区 全齐复式 拎包入住 居家舒适,"南山-红树湾租房-红树西岸 (百仕达红树西岸,红树西岸花园)-",38000,https://shenzhen.qfang.com/rent/100286517?insource=rent_list
东乐大厦布心 东乐花园大六房南北通透,罗湖-百仕达租房-东乐大厦布心 (东乐花园)-,7000,https://shenzhen.qfang.com/rent/100396882?insource=rent_list
翡翠公寓 豪华装修 拎包入住房 型宽敞楼层,罗湖-翠竹租房-翡翠公寓-,6500,https://shenzhen.qfang.com/rent/100356437?insource=rent_list
皇御苑二期 家具家电全齐，简装修2房，拎包即住,福田-皇岗租房-皇御苑二期 (皇御苑B区)-,6500,https://shenzhen.qfang.com/rent/100381121?insource=rent_list
国展苑 关口电梯一房一厅，家私齐全，房子空出，有钥匙看,龙岗-布吉关租房-国展苑-,3000,https://shenzhen.qfang.com/rent/100397063?insource=rent_list
中信红树湾 湾区豪宅 花园社区 近地/铁口 拎包入住 居家舒适,"南山-红树湾租房-中信红树湾 (中信红树湾花城,中信花城)-",18500,https://shenzhen.qfang.com/rent/100370652?insource=rent_list
同创新作 同创新作居精致装修2室2厅1厨1卫,龙岗-平湖租房-同创新作 (同创新作居)-,3700,https://shenzhen.qfang.com/rent/100397836?insource=rent_list
中海康城国际 中海康城 三房两厅一卫 全家私家电 拎包入住 ,龙岗-大运新城租房-中海康城国际 (中海康城花园)-,3500,https://shenzhen.qfang.com/rent/100349989?insource=rent_list
诺德国际  精致装修 3室2厅1厨1卫 82m2,南山-前海租房-诺德国际 (诺德假日花园)-,8500,https://shenzhen.qfang.com/rent/100374107?insource=rent_list
麟恒中心广场 横岗沃尔玛精装大四房业主自住带家私家电拎包入住,"龙岗-横岗租房-麟恒中心广场 (麟恒城上城,东城中心花园)-",8800,https://shenzhen.qfang.com/rent/100392134?insource=rent_list
壹城中心 豪装五房 南北通 4号线龙华站旁 楼下大型购物,龙华-龙华中心租房-壹城中心 (鸿荣源壹城中心)-,11000,https://shenzhen.qfang.com/rent/100390538?insource=rent_list
天集雅苑 急租 近地铁站   精装三房    业主诚心出租,龙岗-龙岗中心城租房-天集雅苑-,3500,https://shenzhen.qfang.com/rent/100395014?insource=rent_list
佳馨园 正中时代写字楼对面精装2房。家电全齐,龙岗-龙岗中心城租房-佳馨园-,2700,https://shenzhen.qfang.com/rent/100393955?insource=rent_list
万科城D区 宽景二楼洋房，家私家电齐全，拎包入住,龙岗-坂田租房-万科城D区 (万科城二期D区)-,8000,https://shenzhen.qfang.com/rent/100320503?insource=rent_list
星海名城五期 小两房，已空出，家电家具齐全，拎包入住,南山-前海租房-星海名城五期 (第五公社)-,5300,https://shenzhen.qfang.com/rent/100398520?insource=rent_list
百仕达花园 豪华装修 朝南看花园 家电全齐 看房方便,罗湖-水库租房-百仕达花园-,14000,https://shenzhen.qfang.com/rent/100396155?insource=rent_list
苏豪名厦 三房，可做民宿，办公，合租，住家。拎包即住！,南山-南头租房-苏豪名厦-,7000,https://shenzhen.qfang.com/rent/100397953?insource=rent_list
皇御苑四期 精装两房,"福田-皇岗租房-皇御苑四期 (深港1号,皇御苑)-",6000,https://shenzhen.qfang.com/rent/100384592?insource=rent_list
麟恒中心广场 租金便宜 4房，全新毛坯出租,"龙岗-横岗租房-麟恒中心广场 (麟恒城上城,东城中心花园)-",4500,https://shenzhen.qfang.com/rent/100228310?insource=rent_list
金鼎辉煌世纪 拎包入住，看房有匙，稀有户型大一房一厅,罗湖-春风路租房-金鼎辉煌世纪 (金鼎大厦)-,5500,https://shenzhen.qfang.com/rent/100397109?insource=rent_list
天鹅堡三期 鸟语花香 高端湖景复式 多房间 可三代同堂,南山-华侨城租房-天鹅堡三期 (波托菲诺天鹅堡三期)-,150000,https://shenzhen.qfang.com/rent/100088595?insource=rent_list
鸿景园 34区电梯大9房顶楼带大平台  近弘雅小学家电齐全,宝安-新安租房-鸿景园 (弘雅花园八期)-,16000,https://shenzhen.qfang.com/rent/100380957?insource=rent_list
半岛城邦一期 海景两房，半岛是您的居家之选！,南山-蛇口租房-半岛城邦一期 (半岛城邦花园一期)-,14000,https://shenzhen.qfang.com/rent/100397311?insource=rent_list
合正汇一城 家电齐全，拎包入住，楼下天虹，地铁1号线，精装三房,宝安-西乡租房-合正汇一城 (魅力时代花园)-,8500,https://shenzhen.qfang.com/rent/100397566?insource=rent_list
金地龙城中央 龙岗双地铁 口 金地龙城精装2房空房出租 免停车,龙岗-龙岗中心城租房-金地龙城中央 (金地凯旋广场)-,3000,https://shenzhen.qfang.com/rent/100393886?insource=rent_list
力高君御花园 精致装修，正南朝向，高楼层，视野好，家电齐全拎包入,坪山-坪山租房-力高君御花园 (力高君御国际)-,3500,https://shenzhen.qfang.com/rent/100394899?insource=rent_list
茂业城 哈哈啊哈啊哈哈,龙岗-布吉大芬租房-茂业城-,2800,https://shenzhen.qfang.com/rent/100398887?insource=rent_list
阳光新干线 罗湖双口岸精装两房 楼下地铁站加油站 停车位充足,罗湖-春风路租房-阳光新干线 (阳光新干线家园)-,5800,https://shenzhen.qfang.com/rent/100392497?insource=rent_list
壹城中心 精装三房 家电全齐 看房方便 楼下山姆会员店,龙华-龙华中心租房-壹城中心 (鸿荣源壹城中心)-,7000,https://shenzhen.qfang.com/rent/100397154?insource=rent_list
黄埔雅苑二期 高铁福田站 近地铁 精装修 视野开阔 通风好 诚租,福田-莲花租房-黄埔雅苑二期 (黄埔雅苑逸悠园)-,16000,https://shenzhen.qfang.com/rent/100392761?insource=rent_list
红树西岸 3房2厅 188平 豪华装修 南北,"南山-红树湾租房-红树西岸 (百仕达红树西岸,红树西岸花园)-",35000,https://shenzhen.qfang.com/rent/100394730?insource=rent_list
万科天誉花园一期 精装5房  家私全齐  看房方便有钥匙,龙岗-龙岗中心城租房-万科天誉花园一期 (天誉花园一期)-,7000,https://shenzhen.qfang.com/rent/100398374?insource=rent_list
深圳湾畔花园 3加1房，装修保养好，诚心出租！,南山-白石洲租房-深圳湾畔花园-,12500,https://shenzhen.qfang.com/rent/100397083?insource=rent_list
海景花园 精装大两房，朝南，保养很好，看房方便！,南山-华侨城租房-海景花园-,10000,https://shenzhen.qfang.com/rent/100395010?insource=rent_list
西湖大厦 大两房装修不错4000元,罗湖-地王租房-西湖大厦-,4000,https://shenzhen.qfang.com/rent/100397875?insource=rent_list
可园七期 可园七期复试3房，客厅带阳台，采光通风佳,龙岗-布吉关租房-可园七期 (可园五六七期)-,5500,https://shenzhen.qfang.com/rent/100381507?insource=rent_list
万科城B区 宽景三楼，南北通透位置安静，装修保养好，看房方便,龙岗-坂田租房-万科城B区 (万科城)-,13000,https://shenzhen.qfang.com/rent/100378096?insource=rent_list
凯特公寓 家私家电全齐   看房方便,罗湖-地王租房-凯特公寓 (中航凯特公寓)-,3300,https://shenzhen.qfang.com/rent/100391052?insource=rent_list
碧海红树园 大4房 品质小区 高层看海 交通便利全齐16000,福田-上下沙租房-碧海红树园 (泰然碧海红树园)-,16000,https://shenzhen.qfang.com/rent/100397378?insource=rent_list
南海玫瑰园一期 精装修舒适4房 家私电器齐全 拎包入住 高档小区,"南山-蛇口租房-南海玫瑰园一期 (南海玫瑰花园一期,玫瑰花园一期,南海玫瑰花园)-",17000,https://shenzhen.qfang.com/rent/100222875?insource=rent_list
龙珠花园(龙岗) 深圳东站 龙珠花园 东向精装 采光好 钥匙看房,龙岗-布吉关租房-龙珠花园(龙岗)-,1800,https://shenzhen.qfang.com/rent/100399373?insource=rent_list
万科清林径 欧式精装 大4房2厅 看湖景看别墅 拎包入住有钥匙,"龙岗-龙岗中心城租房-万科清林径 (千林山居二期,千林山居)-",5000,https://shenzhen.qfang.com/rent/100394533?insource=rent_list
玉湖湾 地铁11号线，拎包入住，家电齐全，看房方便随时入住,宝安-碧海租房-玉湖湾 (玉湖湾花园)-,4300,https://shenzhen.qfang.com/rent/100374618?insource=rent_list
保利上城 精装修厅出阳台带一个大平台装修很也温馨,龙岗-龙岗中心城租房-保利上城 (保利上城花园)-,5200,https://shenzhen.qfang.com/rent/100376456?insource=rent_list
花乡家园 精装2房，客厅宽敞，拎包入住，看花园安静,"宝安-宝安中心区租房-花乡家园 (花样年花郡二期,曼哈顿公寓)-",6300,https://shenzhen.qfang.com/rent/100378897?insource=rent_list
栖游家园 豪华装修， 1室高楼层诚心出租 随时看房,南山-蛇口租房-栖游家园-,5200,https://shenzhen.qfang.com/rent/100386910?insource=rent_list
珑瑜 豪华装修2房家私家电全齐看房方便,龙岗-龙岗中心城租房-珑瑜 (缤纷世纪公寓)-,3500,https://shenzhen.qfang.com/rent/100397918?insource=rent_list
香山美墅云邸 奢尺5改3房户型 高楼层 景观房 有钥匙 拎包入住,"南山-华侨城租房-香山美墅云邸 (香山里花园三期,香山云邸)-",28000,https://shenzhen.qfang.com/rent/100393032?insource=rent_list
世纪春城一期 居家舒适型三房干净舒适的一个温馨舒适的家,龙华-深圳北租房-世纪春城一期 (世纪春城)-,6000,https://shenzhen.qfang.com/rent/100385812?insource=rent_list
汉京九榕台 蛇口自贸区 汉京九榕台 半山豪宅,南山-前海租房-汉京九榕台 (汉京半山公馆)-,35000,https://shenzhen.qfang.com/rent/100390393?insource=rent_list
公园大地一期 全新毛坯别墅出租适合办公培训近小区门口,龙岗-龙岗中心城租房-公园大地一期 (公园大地花园一期)-,25000,https://shenzhen.qfang.com/rent/100389010?insource=rent_list
置地逸轩 1号线与9号线、高档物业、全齐靓装2房 拎包入住,罗湖-春风路租房-置地逸轩-,9500,https://shenzhen.qfang.com/rent/100377414?insource=rent_list
大冲新城花园C区 时尚简约拎包入住 一室一厅 ,"南山-科技园租房-大冲新城花园C区 (新城花园C区,大冲城市花园)-",6600,https://shenzhen.qfang.com/rent/100399323?insource=rent_list
宝能太古城花园南区 湾区豪宅 海月地铁 精装 家电齐全 景观开阔看花园,"南山-深圳湾租房-宝能太古城花园南区 (太古城花园,太古城花园南区)-",10000,https://shenzhen.qfang.com/rent/100396803?insource=rent_list
金地龙城中央 龙城广场地 铁口 精装三房带家电 业主急租,龙岗-龙岗中心城租房-金地龙城中央 (金地凯旋广场)-,4000,https://shenzhen.qfang.com/rent/100396546?insource=rent_list
保利悦都 精装三房，户型漂亮，周边配套成熟拎包入住,"龙华-龙华中心租房-保利悦都 (保利天街,保利悦都花园)-",6500,https://shenzhen.qfang.com/rent/100399209?insource=rent_list
皇庭彩园 精装两房，看房方便，高层，豪华装修 南,福田-皇岗租房-皇庭彩园-,7100,https://shenzhen.qfang.com/rent/100390274?insource=rent_list
信义嘉御山五期 精装修，拎包入住。家电齐全‘学校好,龙岗-坂田租房-信义嘉御山五期-,7500,https://shenzhen.qfang.com/rent/100384709?insource=rent_list
康达尔蝴蝶堡 大三房 采光很好 客厅出大阳台 朝南,龙岗-布吉大芬租房-康达尔蝴蝶堡-,5600,https://shenzhen.qfang.com/rent/100353273?insource=rent_list
百仕达花园 百仕达物业，便宜出租！,"罗湖-布心租房-百仕达花园 (百仕达花园三期,君逸华府)-",4800,https://shenzhen.qfang.com/rent/100375589?insource=rent_list
星河丹堤 高楼层 视野开阔 看全湖景 全新装修 拎包入住,龙华-深圳北租房-星河丹堤 (星河丹堤花园)-,15000,https://shenzhen.qfang.com/rent/100387957?insource=rent_list
桃源居十一区 花园式洋房 豪装黄/金楼层 实验学校旁 有图有真像,"宝安-桃源居租房-桃源居十一区 (桃源居11区,桃源盛世园)-",7800,https://shenzhen.qfang.com/rent/100382360?insource=rent_list
东方明珠城 拎包入住 看龙城广场 大阳台 3号线龙城广场站,龙岗-龙岗中心城租房-东方明珠城 (榭丽花园三期)-,3500,https://shenzhen.qfang.com/rent/100364665?insource=rent_list
万科广场  精致装修 3室2厅1厨2卫,"龙岗-龙岗中心城租房-万科广场 (万科天誉公馆,万科大厦,万科天誉中央广场)-",5900,https://shenzhen.qfang.com/rent/100286274?insource=rent_list
纯水岸十五期 仅有的六房出租，户型格局方正 南北通透 前后大阳台,南山-华侨城租房-纯水岸十五期 (波托菲诺纯水岸十五期)-,35000,https://shenzhen.qfang.com/rent/100394167?insource=rent_list
宇宏健康花城 3+1房三个阳台！精装修家私家电全齐17年交楼新房,龙岗-布吉大芬租房-宇宏健康花城 (岭宏健康家园)-,6000,https://shenzhen.qfang.com/rent/100353624?insource=rent_list
国都高尔夫花园二期 2房2厅 101平 普通装修 高尔夫全景,福田-车公庙租房-国都高尔夫花园二期 (国都高尔夫花园)-,10000,https://shenzhen.qfang.com/rent/100391881?insource=rent_list
皇御苑二期 精装修3房 拎包入住,福田-皇岗租房-皇御苑二期 (皇御苑B区)-,8500,https://shenzhen.qfang.com/rent/100395765?insource=rent_list
香格丽苑 香蜜湖高品质生态美宅 户型方正 西南财位 看海景观,福田-香蜜湖租房-香格丽苑-,13500,https://shenzhen.qfang.com/rent/100346170?insource=rent_list
凤凰新天 福永次新小区高楼层精装修三房两厅带家私电器出租,宝安-福永租房-凤凰新天 (凤凰花苑)-,4000,https://shenzhen.qfang.com/rent/100398688?insource=rent_list
彩天名苑 福田区，精装单身公寓。诚意出租。,福田-福田中心区租房-彩天名苑-,5500,https://shenzhen.qfang.com/rent/100389796?insource=rent_list
中粮云景 精装3房，拎包入住，目前是空房，可配家私家电,"光明区-公明租房-中粮云景 (中粮云景花园南,云景花园南区,中粮云景花园南区)-",4200,https://shenzhen.qfang.com/rent/100396614?insource=rent_list
海上世界双玺W公馆 豪华装修 家具全齐 深圳湾公园,"南山-蛇口租房-海上世界双玺W公馆 (双玺花园三期,双玺时光道)-",16000,https://shenzhen.qfang.com/rent/100398565?insource=rent_list
水榭山 全新装修别墅出租 可以办公开会所 价格可以谈,龙华-深圳北租房-水榭山 (莱蒙水榭山花园)-,60000,https://shenzhen.qfang.com/rent/100395384?insource=rent_list
六和城 全新家私出租，看房方便，生活配套完善,坪山-坪山租房-六和城 (六和商业广场一期)-,4300,https://shenzhen.qfang.com/rent/100397180?insource=rent_list
佳宁娜友谊广场 双地铁物业  大户型 少有放盘  ,罗湖-春风路租房-佳宁娜友谊广场-,20000,https://shenzhen.qfang.com/rent/100394158?insource=rent_list
阳光明居 精致装修 2室2厅1厨1卫 70.26m2 ,罗湖-布心租房-阳光明居 (布心阳光明居)-,5500,https://shenzhen.qfang.com/rent/100394999?insource=rent_list
京基凤凰印象 黄贝岭商圈，西南单身公寓，家电全齐位置好，随时看房,罗湖-黄贝岭租房-京基凤凰印象 (凤凰印象花园)-,4000,https://shenzhen.qfang.com/rent/100368245?insource=rent_list
祥云天都世纪大厦 3房2厅 98平 普通装修 东南,福田-新洲租房-祥云天都世纪大厦 (天都世纪大厦)-,8500,https://shenzhen.qfang.com/rent/100398903?insource=rent_list
雍翠华府 精装修 2室1厅 高层直接入住,罗湖-布心租房-雍翠华府 (崇德雍翠华府)-,4300,https://shenzhen.qfang.com/rent/100381918?insource=rent_list
创世纪滨海花园 近腾.讯楼海岸城生活工作方便先到先得家私齐全,南山-科技园租房-创世纪滨海花园 (滨海花园)-,8500,https://shenzhen.qfang.com/rent/100399276?insource=rent_list
水榭春天六期B区  温馨3房南向安静 家电齐全 拎包入住,龙华-民治租房-水榭春天六期B区 (莱蒙春天花园)-,7500,https://shenzhen.qfang.com/rent/100379219?insource=rent_list
八达商城 东门商圈精装两房，拎包入住,罗湖-东门租房-八达商城-,4800,https://shenzhen.qfang.com/rent/100395330?insource=rent_list
中城康桥花园一期 还好还好哈还好还好哈high哈哈哈,"龙岗-丹竹头租房-中城康桥花园一期 (康桥花园一期,中城康桥花园)-",5000,https://shenzhen.qfang.com/rent/100394809?insource=rent_list
君临海域 看海 精装修  大两房,盐田-沙头角租房-君临海域 (君临海域名园一期)-,6500,https://shenzhen.qfang.com/rent/100396962?insource=rent_list
硅谷别墅二期  硅谷别墅550平豪华中空7层复式前后花园急租,南山-科技园租房-硅谷别墅二期 (新世界豪园)-,35000,https://shenzhen.qfang.com/rent/100352055?insource=rent_list
星海名城三期 南北通透户型，房型方正，看花园，家电全齐，看房方便,南山-前海租房-星海名城三期 (沁园)-,11200,https://shenzhen.qfang.com/rent/100397770?insource=rent_list
桂芳园五期 精装修五房    价格便宜,龙岗-布吉大芬租房-桂芳园五期 (桂芳园五A期)-,8200,https://shenzhen.qfang.com/rent/100337521?insource=rent_list
宏发QCC前城 坪洲地铁，高层南北通透，高档精装3房，拎包入住。,宝安-西乡租房-宏发QCC前城 (前城滨海花园)-,7800,https://shenzhen.qfang.com/rent/100397668?insource=rent_list
金地龙城中央 龙城广场地铁站500米 金地龙城精装房 小区安静舒,龙岗-龙岗中心城租房-金地龙城中央 (金地凯旋广场)-,4000,https://shenzhen.qfang.com/rent/100391036?insource=rent_list
百仕达花园四期西区 3房2厅 东南朝向 拎包入住 价格有空间,罗湖-布心租房-百仕达花园四期西区-,14000,https://shenzhen.qfang.com/rent/100374842?insource=rent_list
金港豪庭 金港豪庭全齐清爽三房放租,福田-皇岗租房-金港豪庭-,10000,https://shenzhen.qfang.com/rent/100388580?insource=rent_list
宏发世纪城 精装两房 家私全齐  拎包入住,宝安-宝安中心区租房-宏发世纪城 (都汇大厦)-,4200,https://shenzhen.qfang.com/rent/100397241?insource=rent_list
宝龙苑 绿化小区，翠竹公园交通、购物都十分方便,罗湖-百仕达租房-宝龙苑-,6500,https://shenzhen.qfang.com/rent/100395286?insource=rent_list
宏发嘉域 急租6号线精装大一房家电家私齐全，带天然气拎包入住,光明区-公明租房-宏发嘉域 (宏发嘉域花园)-,3500,https://shenzhen.qfang.com/rent/100391668?insource=rent_list
蔚蓝海岸四期 近登良地铁站 小区环境好 车位充足 诚租,南山-后海租房-蔚蓝海岸四期 (蔚蓝海岸社区四期)-,9000,https://shenzhen.qfang.com/rent/100381722?insource=rent_list
百合御都 布吉地铁线旁，全家私家电，拎包入住，朝南光线好,龙岗-布吉关租房-百合御都 (京南华庭)-,3700,https://shenzhen.qfang.com/rent/100391215?insource=rent_list
城龙花园 正中时代写字楼对面，配套成熟，朝南3房，可配家电,龙岗-龙岗中心城租房-城龙花园-,3000,https://shenzhen.qfang.com/rent/100386601?insource=rent_list
星河时代花园 155平大5房，适合办公  住家,龙岗-大运新城租房-星河时代花园-,7000,https://shenzhen.qfang.com/rent/100383848?insource=rent_list
信义锦绣花园 朝南看花园，超实用三房，保养很好，看房方便价格可谈,龙岗-横岗租房-信义锦绣花园-,4800,https://shenzhen.qfang.com/rent/100391072?insource=rent_list
东海岸二期 揽山观海，豪华装修，环境优美，安静怡人！,"盐田-梅沙租房-东海岸二期 (万科东海岸二期,万科东海岸社区第二期)-",18000,https://shenzhen.qfang.com/rent/100393442?insource=rent_list
德兴城 布吉中学旁 精致温馨三房 中间楼层 拎包入住,龙岗-布吉街租房-德兴城-,4000,https://shenzhen.qfang.com/rent/100393331?insource=rent_list
大地花园   精装两房    地铁200米,罗湖-布心租房-大地花园-,4300,https://shenzhen.qfang.com/rent/100396833?insource=rent_list
旭飞华达园二期 一房一厅珠宝圈楼下沃尔玛性价比不错精装修,罗湖-百仕达租房-旭飞华达园二期 (华达园公寓)-,4000,https://shenzhen.qfang.com/rent/100392532?insource=rent_list
布吉阳光花园 精致装修 2室2厅1厨1卫 全齐 拎包入住 ,"龙岗-布吉街租房-布吉阳光花园 (祺峰华庭,阳光花园)-",3400,https://shenzhen.qfang.com/rent/100394393?insource=rent_list
春华四季园 可办公可居住  业主诚心出租 ，位置安静,龙华-民治租房-春华四季园-,7500,https://shenzhen.qfang.com/rent/100387712?insource=rent_list
观湖园 精致装修别墅，家私家电齐全，拎包入住业主诚心出租,龙华-观澜租房-观湖园-,13000,https://shenzhen.qfang.com/rent/100377030?insource=rent_list
皇御苑一期 全新装修  业主买过来重新装修过  家私家电齐全,福田-皇岗租房-皇御苑一期 (皇御苑A区)-,4800,https://shenzhen.qfang.com/rent/100392072?insource=rent_list
汇宾广场一期 三房全齐出租,南山-南油租房-汇宾广场一期 (汇宾广场)-,7500,https://shenzhen.qfang.com/rent/100394344?insource=rent_list
花样年花郡一期  壹房壹厅 房源真实 1号线宝体站 家私全齐 车位,"宝安-宝安中心区租房-花样年花郡一期 (花郡一期,花样年花郡家园)-",4500,https://shenzhen.qfang.com/rent/100384492?insource=rent_list
东方明珠城 精装三房,龙岗-龙岗中心城租房-东方明珠城 (榭丽花园三期)-,4200,https://shenzhen.qfang.com/rent/100390267?insource=rent_list
路桥大厦 罗湖精装复 式楼出租 家私家电全齐 楼上楼下,罗湖-清水河租房-路桥大厦-,3500,https://shenzhen.qfang.com/rent/100387601?insource=rent_list
天鹅堡二期 华侨城豪宅花园社区 精装4房2厅居家舒适生活方便 ,南山-华侨城租房-天鹅堡二期 (波托菲诺天鹅堡二期)-,30000,https://shenzhen.qfang.com/rent/100367586?insource=rent_list
观湖园 叠加别墅 8房 精装修 带花园,龙华-观澜租房-观湖园-,18000,https://shenzhen.qfang.com/rent/100385895?insource=rent_list
山语清晖花园 欧式豪华装修 半山居家 高层安静 诚心出租看中可谈,福田-香蜜湖租房-山语清晖花园 (山语清晖花园一期)-,34000,https://shenzhen.qfang.com/rent/100391780?insource=rent_list
锦绣江南三期 精装修大5房 家电齐全 拎包即住,龙华-深圳北租房-锦绣江南三期 (锦绣江南)-,7000,https://shenzhen.qfang.com/rent/100398176?insource=rent_list
乐湖 大户型三房家私家电可配齐精装修看房方便,"罗湖-水库租房-乐湖 (百仕达花园五期,东郡广场,百仕达东郡广场)-",16000,https://shenzhen.qfang.com/rent/100390345?insource=rent_list
流塘阳光 精装两房家私全齐拎包入住,宝安-西乡租房-流塘阳光 (流塘阳光花园)-,5500,https://shenzhen.qfang.com/rent/100393999?insource=rent_list
桦润馨居一期 近4号线龙华站 看花园 家私全齐 安家优选,龙华-龙华中心租房-桦润馨居一期-,4400,https://shenzhen.qfang.com/rent/100390194?insource=rent_list
前海时代 湾区的焦点 近1号线鲤鱼门站,南山-前海租房-前海时代 (地铁前海时代广场)-,11000,https://shenzhen.qfang.com/rent/100397405?insource=rent_list
骏庭名园 2房2厅 85平 精装修 北,罗湖-地王租房-骏庭名园-,7600,https://shenzhen.qfang.com/rent/100397691?insource=rent_list
招商依山郡二期 五房两厅三阳台四卫装修漂亮住家宽敞舒适,"龙岗-龙岗中心城租房-招商依山郡二期 (依山郡二期,依山郡花园)-",6500,https://shenzhen.qfang.com/rent/100382651?insource=rent_list
万科天誉 地 铁 口精装大四房 可住家 可办公 可配齐 急租,"龙岗-龙岗中心城租房-万科天誉 (万科天誉花园二期,天誉花园二期,天誉city mall)-",5500,https://shenzhen.qfang.com/rent/100395275?insource=rent_list
凤凰雅居 精装修！家电齐全！三大阳台！中楼层！采光好！通风好,宝安-桃源居租房-凤凰雅居-,4300,https://shenzhen.qfang.com/rent/100388686?insource=rent_list
金地梅陇镇 实用3房 居家安静 看花园,龙华-深圳北租房-金地梅陇镇 (金地梅陇镇花园)-,5200,https://shenzhen.qfang.com/rent/100380139?insource=rent_list
金地龙城中央 龙城地铁站 旁边高端小区 部分家私全新精装一房一厅,龙岗-龙岗中心城租房-金地龙城中央 (金地凯旋广场)-,2400,https://shenzhen.qfang.com/rent/100398770?insource=rent_list
皇庭港湾花园 南山后海别墅8房700多平出租 带车位近深圳湾海关,南山-深圳湾租房-皇庭港湾花园-,100000,https://shenzhen.qfang.com/rent/100171037?insource=rent_list
万科清林径 朝南2房2厅 空房出租 景观靓丽 即约即看 有钥匙,"龙岗-龙岗中心城租房-万科清林径 (千林山居一期,千林山居)-",2700,https://shenzhen.qfang.com/rent/100379550?insource=rent_list
尚都 鸿荣源豪宅 精装三房看花园全齐家私电器 地/铁口,宝安-宝安中心区租房-尚都 (尚都花园)-,7800,https://shenzhen.qfang.com/rent/100373877?insource=rent_list
凯特公寓 朝南的房子、采光好、能便宜些,罗湖-地王租房-凯特公寓 (中航凯特公寓)-,3200,https://shenzhen.qfang.com/rent/100393575?insource=rent_list
星海名城五期 前海精装修两房，近科技园，大新地铁站,南山-前海租房-星海名城五期 (第五公社)-,7000,https://shenzhen.qfang.com/rent/100381453?insource=rent_list
风和日丽花园二期 3房2厅 82平 普通装修 南,龙华-深圳北租房-风和日丽花园二期 (风和日丽花园)-,4500,https://shenzhen.qfang.com/rent/100377835?insource=rent_list
文汇花园 精装住家舒适配套齐全生活方便,宝安-新安租房-文汇花园-,5200,https://shenzhen.qfang.com/rent/100391235?insource=rent_list
新地中央 精装2房2厅1卫品牌家私家电齐全,"光明区-公明租房-新地中央 (新地中央广场,新地中央花园)-",3600,https://shenzhen.qfang.com/rent/100384216?insource=rent_list
金地龙城中央 龙城广场地 铁站，家私全齐，看房方便 急,龙岗-龙岗中心城租房-金地龙城中央 (金地凯旋广场)-,2800,https://shenzhen.qfang.com/rent/100396594?insource=rent_list
鼎太风华二期 急租  标准四房  朝南 花园中间 全齐出租,南山-前海租房-鼎太风华二期 (鼎太风华社区)-,15000,https://shenzhen.qfang.com/rent/100286486?insource=rent_list
可园二期 装修不错 家私家电齐全 精装修2房 看房方便,龙岗-布吉关租房-可园二期 (可园)-,4000,https://shenzhen.qfang.com/rent/100387016?insource=rent_list
天健现代城花园 顶楼四层复式适合办公合租,龙岗-龙岗中心城租房-天健现代城花园 (天健现代城)-,12000,https://shenzhen.qfang.com/rent/100382649?insource=rent_list
香山美墅果岭 通透阔居四房 全新环保精装 中西双厨设计 实木家私,"南山-华侨城租房-香山美墅果岭 (香山里花园四期,香山果岭)-",28000,https://shenzhen.qfang.com/rent/100382765?insource=rent_list
万科云城六期 近科技园精装两房 高档小区 可空房可全齐 随时入住,南山-西丽租房-万科云城六期-,6500,https://shenzhen.qfang.com/rent/100384924?insource=rent_list
佳兆业广场 此房拎包入住，配套齐全租，还有同户型， 随时看房。,"大鹏新区-大鹏租房-佳兆业广场 (佳兆业假日广场,KPR佳兆业广场)-",1900,https://shenzhen.qfang.com/rent/100397423?insource=rent_list
天安高尔夫花园三期 深圳主城区，五湖四海的朋友择居《天安珑园》！,福田-车公庙租房-天安高尔夫花园三期 (天安高尔夫珑园)-,26000,https://shenzhen.qfang.com/rent/100386958?insource=rent_list
可园五期 复式5房，双层居家，全家私电器,龙岗-布吉关租房-可园五期 (可园五六七期)-,3000,https://shenzhen.qfang.com/rent/100377246?insource=rent_list
尚都 体育馆旁边 精装三房 业主全齐出租,宝安-宝安中心区租房-尚都 (尚都花园)-,9000,https://shenzhen.qfang.com/rent/100398934?insource=rent_list
香山美墅云邸 有钥匙看房很方便 业主用心装修 高楼层视野好,"南山-华侨城租房-香山美墅云邸 (香山里花园三期,香山云邸)-",30000,https://shenzhen.qfang.com/rent/100382520?insource=rent_list
招商依山郡三期 精装修家私齐全一房一厅出租交通方便,"龙岗-龙岗中心城租房-招商依山郡三期 (依山郡三期,依山郡花园)-",2500,https://shenzhen.qfang.com/rent/100392728?insource=rent_list
侨城馨苑 精装1室2厅 配套齐全 近万象天地 看高尔夫景观,南山-白石洲租房-侨城馨苑-,6500,https://shenzhen.qfang.com/rent/100397082?insource=rent_list
怡景花园桂花 居家三房，家私齐全，通透户型，业主诚租,罗湖-黄贝岭租房-怡景花园桂花 (桂花)-,4800,https://shenzhen.qfang.com/rent/100397079?insource=rent_list
财富港 正规两房 带阳台有天然气 业主放租 价格可谈,宝安-西乡租房-财富港 (财富港大厦)-,5000,https://shenzhen.qfang.com/rent/100398392?insource=rent_list
城市天地广场 万象城京基100，高档小区，舒适精装1房非常好,城市天地广场-,6200,https://shenzhen.qfang.com/rent/100398091?insource=rent_list
东城上邸 坪山大道旁乐安居酒店对面家私家电齐全南北通透大阳台,坪山-坪山租房-东城上邸 (深业东城上邸)-,3500,https://shenzhen.qfang.com/rent/100396168?insource=rent_list
可园四期 南向2+1房 家电家私全齐出租 看房方便,龙岗-布吉关租房-可园四期-,4800,https://shenzhen.qfang.com/rent/100380719?insource=rent_list
万科天誉 吉祥地铁万科广场旁精装修3房,"龙岗-龙岗中心城租房-万科天誉 (万科天誉花园二期,天誉花园二期,天誉city mall)-",5200,https://shenzhen.qfang.com/rent/100390474?insource=rent_list
颐安都会中央 大运地铁站 精装三房  高楼层 拎包入住 正南向,龙岗-龙岗中心城租房-颐安都会中央 (颐安都会中央花园)-,4500,https://shenzhen.qfang.com/rent/100395004?insource=rent_list
万科广场 127平三房二厅二卫的大公寓，找住家好租客,"龙岗-龙岗中心城租房-万科广场 (万科天誉公馆,万科大厦,万科天誉中央广场)-",5500,https://shenzhen.qfang.com/rent/100381964?insource=rent_list
纯水岸七期 高层景观好远眺海景前后大阳台安静户型方正,南山-华侨城租房-纯水岸七期 (波托菲诺纯水岸复式大邸)-,29000,https://shenzhen.qfang.com/rent/100388368?insource=rent_list
中粮幸福花园 三房 优质物业  配套齐全 中高楼层 通风采光好 ,"宝安-西乡租房-中粮幸福花园 (中粮万福阁,前海锦云)-",5100,https://shenzhen.qfang.com/rent/100397182?insource=rent_list
新港鸿 顶楼大复式、挑高客厅 家私电全齐、景观很好看房方便,"罗湖-百仕达租房-新港鸿 (新港鸿花园,新港鸿豪苑)-",20000,https://shenzhen.qfang.com/rent/100394372?insource=rent_list
荔海楼 近欢乐谷 精致三房 保养好 居家舒适 拎包入住,南山-华侨城租房-荔海楼-,12000,https://shenzhen.qfang.com/rent/100297982?insource=rent_list
祥福雅居  精致装修,罗湖-笋岗租房-祥福雅居-,3700,https://shenzhen.qfang.com/rent/100396179?insource=rent_list
碧海云天二期 123平南向3+1房2厅2卫家电全齐拎包入住,"南山-华侨城租房-碧海云天二期 (红树东方家园,碧海云天小区)-",15000,https://shenzhen.qfang.com/rent/100395058?insource=rent_list
康佳苑 2房一厅 家私家电齐全 随时看房,南山-华侨城租房-康佳苑-,7500,https://shenzhen.qfang.com/rent/100396480?insource=rent_list
桃源居十四区 电梯大三房 花园里面 住家安静 采光好，看房有钥匙,宝安-桃源居租房-桃源居十四区 (桃源居14区)-,5200,https://shenzhen.qfang.com/rent/100375481?insource=rent_list
兰溪谷二期 2房2厅83平豪华装修南,南山-蛇口租房-兰溪谷二期 (半山海景兰溪谷二期)-,12000,https://shenzhen.qfang.com/rent/100396914?insource=rent_list
雕塑家园 双地铁电梯精装看房方便配套全齐,福田-梅林租房-雕塑家园-,7200,https://shenzhen.qfang.com/rent/100392048?insource=rent_list
流塘阳光 高性价比高品质，家私齐全，看房方便，随时入住,宝安-西乡租房-流塘阳光 (流塘阳光花园)-,4600,https://shenzhen.qfang.com/rent/100389797?insource=rent_list
龙珠花园(龙岗) 电梯房两房带家私电器都有住家很好 看房方便,龙岗-布吉关租房-龙珠花园(龙岗)-,4000,https://shenzhen.qfang.com/rent/100382868?insource=rent_list
都市花园一期 精致装修 2室,福田-车公庙租房-都市花园一期 (都市花园)-,7800,https://shenzhen.qfang.com/rent/100395283?insource=rent_list
丹枫雅苑 精装1房出租，家私齐全，拎包入住,龙华-龙华中心租房-丹枫雅苑-,3500,https://shenzhen.qfang.com/rent/100394856?insource=rent_list
万科清林径 2室2厅 业主自己住 景观靓丽 拎包入住 即月即看,"龙岗-龙岗中心城租房-万科清林径 (千林山居二期,千林山居)-",3000,https://shenzhen.qfang.com/rent/100363707?insource=rent_list
皇御苑四期 单身公寓，南向精装家私电器全齐,"福田-皇岗租房-皇御苑四期 (深港1号,皇御苑)-",5500,https://shenzhen.qfang.com/rent/100376088?insource=rent_list
公园大地一期 大四房精装 南北通超大阳台 100万豪装住着很舒服,龙岗-龙岗中心城租房-公园大地一期 (公园大地花园一期)-,7000,https://shenzhen.qfang.com/rent/100384255?insource=rent_list
万事达名苑 户型方正，采光好,罗湖-百仕达租房-万事达名苑-,5500,https://shenzhen.qfang.com/rent/100294734?insource=rent_list
茂业城 大芬站茂业城精致一房家电全，看房方便,龙岗-布吉大芬租房-茂业城-,2300,https://shenzhen.qfang.com/rent/100394461?insource=rent_list
怡康家园 3号线大芬站，温馨精美三居，诚意出售，拎包入住,龙岗-布吉大芬租房-怡康家园-,4500,https://shenzhen.qfang.com/rent/100385740?insource=rent_list
荣超花园 学校选择多 布吉关口 交通方便 商业配套成熟 ,龙岗-布吉关租房-荣超花园-,4500,https://shenzhen.qfang.com/rent/100391553?insource=rent_list
